header_name,price,price_for_m2
Mieszkanie 2 pokojowe w Gdyni w dobrej lokalizacji,370 000 z,9904 z/m
"OKAZJA! 3 pokoje, 62,9 m2, stan idealny!",559 000 z,8887 z/m
"Wyposaone mieszkanie 44m2, Gdynia Chylonia",420 000 z,9545 z/m
2pokoje z rabatem na Dni Otwarte 18min od play,428 000 z,10 555 z/m
Kawalerka z Ogrodem 18min od play +Parking,315 680 z,11 274 z/m
Kawalerka pod WYNAJEM + Parking _ 17min CENTRUM,318 200 z,11 364 z/m
Najtasze 2 pokoje + 17min Plaa _ Dni OTWARTE !,427 000 z,10 415 z/m
Przestronne 3-Pokojowe Mieszkanie | Pikny Widok,595 500 z,9351 z/m
HIT CENOWY! Miejsce Postojowe + Mieszkanie,427 900 z,10 607 z/m
2 pokoje + Hala Garaowa Hit Cenowy,427 625 z,10 561 z/m
Kawalerka z Ogrodem + Parking 18min od play,315 675 z,11 274 z/m
2 pokoje + Parking _Dni Otwarte_zobacz,386 055 z,11 206 z/m
Kawalerka + Pikny Ogrdek + M. Postojowe,315 641 z,11 354 z/m
Przestronne 3 pokoje w Gdyni Dbrowa.,597 000 z,8554 z/m
"3 Pokoje, Pogrze",539 000 z,10 170 z/m
Soneczne 2 pokoje + Miejsce Parkingowe + ZOBACZ !,404 000 z,11 222 z/m
Kawalerka pod WYNAJEM + Parking _ 17min CENTRUM,318 200 z,11 364 z/m
2 Pokojowe Mieszkanie Z Widokiem Na Las,449 000 z,10 874 z/m
3 pokoje z Super Rabatem na Dni otwarte + Hala,501 799 z,10 304 z/m
Soneczne mieszkanie 3 pokoje blisko lasu Gdynia,595 000 z,9915 z/m
Soneczne 2 pokoje + Parking 18min od play,371 799 z,11 267 z/m
Kawalerka pod Inwestycj/dla pary 18min od play,314 950 z,11 289 z/m
Hala 5000Z + adny Widok_Wysoki Standard,501 000 z,10 224 z/m
Zainwestuj W Gdyni - Super Cena I Lokata Kapitau,316 000 z,11 286 z/m
Nowe Mieszkanie Z Balkonem - 12Min Od Centrum,363 000 z,11 000 z/m
Najtasze 4 Pok W Gdyni_Hala Za 5000_Narone,550 000 z,10 092 z/m
Okazja! 3 Pokoje | Balkon | Przy Lesie,489 000 z,9959 z/m
Najtasze 3 pokoje + Hala Garaowa_Hit,501 701 z,10 355 z/m
2 pokoje + Hala Garaowa_Rabaty_Dni Otwarte,427 949 z,10 609 z/m
2 pokoje + Miejsce Postojowe_15 min do Morza,371 739 z,11 272 z/m
Dni Otwarte - Najtasze kawalerki - 15 min Morze,314 888 z,11 347 z/m
CENA DO 28.02  Ogrd + taras  Niska zabudowa!,557 212 z,9906 z/m
Najtasze 2 pokoje + 17min Plaa _ Dni OTWARTE !,427 000 z,10 415 z/m
Soneczne 2 pokoje + Miejsce Parkingowe + ZOBACZ !,371 000 z,11 242 z/m
2 Pokoje Po Remoncie W Redowie,600 000 z,14 286 z/m
"Gotowa Inwestycja Tu Przy Morzu, Bez Prowizji !",549 000 z,19 607 z/m
2 Pokoje | Pikne widoki - Morze | Wysoki standard,599 000 z,14 262 z/m
3 pokoje| Kapitalny Remont| Blisko Skm Grabwek|,599 000 z,11 093 z/m
Tylko Do 20.03 !!!,499 000 z,7159 z/m
2pokoje z rabatem na Dni Otwarte 18min od play,428 000 z,10 555 z/m
