pc_name,ip
PFGBCA,172.30.2.1
PAFJHE,172.30.2.2
PBPKIB,172.30.2.3
PAHAPH,172.30.2.4
PCEHEH,172.30.2.5
PCKCFI,172.30.2.6
PKGAKF,172.30.2.7
PAFBCC,172.30.2.8
PKJFAA,172.30.2.9
PBDCPI,172.30.2.10
PFCFKG,172.30.2.11
PHECPF,172.30.2.12
PJAIJK,172.30.2.13
PEPAPP,172.30.2.14
PJGPPI,172.30.2.15
PBDPDC,172.30.2.16
PEKPFH,172.30.2.17
PPBKDA,172.30.2.18
PFFCHG,172.30.2.19
PKJCGA,172.30.2.20
PPGPDF,172.30.2.21
PKBGFI,172.30.2.22
PIFJBC,172.30.2.23
PIPBFB,172.30.2.24
PAEEEP,172.30.2.25
PFAADJ,172.30.2.26
PDBJDC,172.30.2.27
PDPDIC,172.30.2.28
PAAPII,172.30.2.29
PDAICI,172.30.2.30
PCGHKH,172.30.2.31
PEDAAP,172.30.2.32
PFDHCK,172.30.2.33
PIBPJK,172.30.2.34
PEFFHC,172.30.2.35
PBIHIK,172.30.2.36
PEBICK,172.30.2.37
PAJEKI,172.30.2.38
PJBJAB,172.30.2.39
PCBBBD,172.30.2.40
PCGCFH,172.30.2.41
PHIAGC,172.30.2.42
PDIPKP,172.30.2.43
PPGJAC,172.30.2.44
PCJEEE,172.30.2.45
PJEKJC,172.30.2.46
PKPGHK,172.30.2.47
PJAFCA,172.30.2.48
PPDJGK,172.30.2.49
PJAFBB,172.30.2.50
PDEJFP,172.30.2.51
PCCKPH,172.30.2.52
PABCCK,172.30.2.53
PICJAJ,172.30.2.54
PGAHCG,172.30.2.55
PBIEED,172.30.2.56
PIHGFC,172.30.2.57
PFFDPI,172.30.2.58
PJJDBD,172.30.2.59
PIEHGF,172.30.2.60
PCKICD,172.30.2.61
PKCEHI,172.30.2.62
PAADPI,172.30.2.63
PDBAAA,172.30.2.64
PPDKKD,172.30.2.65
PPCAHF,172.30.2.66
PADFJD,172.30.2.67
PJDJHH,172.30.2.68
PIDHCC,172.30.2.69
PHICDK,172.30.2.70
PFEPKJ,172.30.2.71
PJIICG,172.30.2.72
PGHHPB,172.30.2.73
PAEIEP,172.30.2.74
PHBPCF,172.30.2.75
PKKKFB,172.30.2.76
PKKJKE,172.30.2.77
PKHKAF,172.30.2.78
PBBCKB,172.30.2.79
PJPDJP,172.30.2.80
PCIEAG,172.30.2.81
PGGPKF,172.30.2.82
PDBJFJ,172.30.2.83
PHCIDG,172.30.2.84
PDCAGH,172.30.2.85
PCEDPC,172.30.2.86
PKJGBG,172.30.2.87
PBDFJK,172.30.2.88
PKEBCE,172.30.2.89
PHPPGK,172.30.2.90
PJKDHH,172.30.2.91
PJGCEI,172.30.2.92
PBCICH,172.30.2.93
PBEEGH,172.30.2.94
PEFEGI,172.30.2.95
PAHAGG,172.30.2.96
PHFEBK,172.30.2.97
PEJBID,172.30.2.98
PAJBIG,172.30.2.99
PGGDAK,172.30.2.100
